<?xml version="1.0" encoding="UTF-8" standalone="yes"?>
<addon id="repository.CaboInterneTVGuide" name="[COLOR white]Cabo InterneTV Repository[/COLOR]" version="1.4" provider-name="">
    <extension point="xbmc.addon.repository" name="Cabo InterneTV Repository">
        <info compressed="false">http://mayfairguides.net/resellers/CaboInterneTVGuide/git/addons.xml</info>
        <checksum>http://mayfairguides.net/resellers/CaboInterneTVGuide/git/addons.xml.md5</checksum>
        <datadir zip="true">http://mayfairguides.net/resellers/CaboInterneTVGuide/git/zips/</datadir>
    </extension>
    <extension point="xbmc.addon.metadata">
        <summary>Cabo InterneTV Repository</summary>
        <description>The Cabo InterneTV repository.</description>
        <platform>all</platform>
    </extension>
</addon>
